{
    "$schema": "http://schema.management.azure.com/schemas/2015-01-01/deploymentTemplate.json#",
    "contentVersion": "1.0.0.0",
    "parameters": {
        "factoryName": {
            "type": "string",
            "metadata": "Data Factory name",
            "defaultValue": "adfnycrohan"
        },
        "nycdatalakelc_accountKey": {
            "type": "secureString",
            "metadata": "Secure string for 'accountKey' of 'nycdatalakelc'"
        },
        "nycdatalakelc_properties_typeProperties_url": {
            "type": "string",
            "defaultValue": "https://nycstoragerohan.dfs.core.windows.net/"
        },
        "Nyc_Web_properties_typeProperties_url": {
            "type": "string",
            "defaultValue": "https://d37ci6vzurychx.cloudfront.net/"
        },
        "containerUri": {
            "type": "string",
            "metadata": "URI to storage account containing linked ARM templates"
        },
        "containerSasToken": {
            "type": "string",
            "metadata": "Sas token to storage account containing linked ARM templates"
        }
    },
    "variables": {
        "factoryId": "[concat('Microsoft.DataFactory/factories/', parameters('factoryName'))]"
    },
    "resources": [
        {
            "name": "adfnycrohan_ArmTemplate_0",
            "type": "Microsoft.Resources/deployments",
            "apiVersion": "2024-03-01",
            "properties": {
                "mode": "incremental",
                "templateLink": {
                    "uri": "[concat(parameters('containerUri'), '/ArmTemplate_0.json', parameters('containerSasToken'))]",
                    "contentVersion": "1.0.0.0"
                },
                "parameters": {
                    "factoryName": {
                        "value": "[parameters('factoryName')]"
                    },
                    "nycdatalakelc_accountKey": {
                        "value": "[parameters('nycdatalakelc_accountKey')]"
                    },
                    "nycdatalakelc_properties_typeProperties_url": {
                        "value": "[parameters('nycdatalakelc_properties_typeProperties_url')]"
                    },
                    "Nyc_Web_properties_typeProperties_url": {
                        "value": "[parameters('Nyc_Web_properties_typeProperties_url')]"
                    }
                }
            },
            "dependsOn": []
        }
    ]
}