{
    "$schema": "https://schema.management.azure.com/schemas/2015-01-01/deploymentParameters.json#",
    "contentVersion": "1.0.0.0",
    "parameters": {
        "factoryName": {
            "value": "adfnycrohan"
        },
        "nycdatalakelc_accountKey": {
            "value": ""
        },
        "nycdatalakelc_properties_typeProperties_url": {
            "value": "https://nycstoragerohan.dfs.core.windows.net/"
        },
        "Nyc_Web_properties_typeProperties_url": {
            "value": "https://d37ci6vzurychx.cloudfront.net/"
        }
    }
}